{"Name":"City_building_026","UUID":2572692252,"Active":true,"IsRoot":false,"NumChildren":0,"NumCompoments":2,"Components":[{"UUID":2613977505,"Type":0,"Position":[31.51188850402832,-16.446016311645508,0],"Rotation":[4.3711388286737929e-08,0,0,1],"Scale":[1,1,1]},{"UUID":2654775411,"Type":1,"MeshUUID":461708800}],"Children":[]}