{"Name":"City_building_007","UUID":1306982472,"Active":true,"IsRoot":false,"NumChildren":0,"NumCompoments":2,"Components":[{"UUID":1354881720,"Type":0,"Position":[16.010492324829102,37.4932861328125,-1.5106878663573298e-06],"Rotation":[1,0,0,0],"Scale":[1,1,1]},{"UUID":1397629014,"Type":1,"MeshUUID":2313313638}],"Children":[]}