{"Name":"City_building_035","UUID":3442745889,"Active":true,"IsRoot":false,"NumChildren":0,"NumCompoments":2,"Components":[{"UUID":3480828576,"Type":0,"Position":[13.38798999786377,-40.802516937255859,-9.3834518111179932e-07],"Rotation":[1,0,0,0],"Scale":[1,1,1]},{"UUID":3609697047,"Type":1,"MeshUUID":867334209}],"Children":[]}