{"Name":"City_building_038","UUID":3901200174,"Active":true,"IsRoot":false,"NumChildren":0,"NumCompoments":2,"Components":[{"UUID":3934061286,"Type":0,"Position":[-41.649002075195312,-16.495393753051758,0],"Rotation":[0.70710670948028564,0,0,-0.7071068286895752],"Scale":[1,1,1]},{"UUID":3972770562,"Type":1,"MeshUUID":3140503489}],"Children":[]}