{"Name":"City_building_001","UUID":1184449512,"Active":true,"IsRoot":false,"NumChildren":0,"NumCompoments":2,"Components":[{"UUID":1228728468,"Type":0,"Position":[17.707164764404297,20.053276062011719,2.1210729528320371e-07],"Rotation":[1,0,0,0],"Scale":[1,1,1]},{"UUID":1267298502,"Type":1,"MeshUUID":1421237950}],"Children":[]}