{"Name":"City_building_023","UUID":2308062831,"Active":true,"IsRoot":false,"NumChildren":0,"NumCompoments":2,"Components":[{"UUID":2348094906,"Type":0,"Position":[42.130641937255859,37.4932861328125,-1.5106878663573298e-06],"Rotation":[1,0,0,0],"Scale":[1,1,1]},{"UUID":2387013045,"Type":1,"MeshUUID":3520254942}],"Children":[]}