{"Name":"City_building_028","UUID":2691604920,"Active":true,"IsRoot":false,"NumChildren":0,"NumCompoments":2,"Components":[{"UUID":2730035712,"Type":0,"Position":[13.38798999786377,-33.755039215087891,-9.3834518111179932e-07],"Rotation":[1,0,0,0],"Scale":[1,1,1]},{"UUID":2766934842,"Type":1,"MeshUUID":123859901}],"Children":[]}