{"Name":"City_building_033","UUID":3211813032,"Active":true,"IsRoot":false,"NumChildren":0,"NumCompoments":2,"Components":[{"UUID":3249408372,"Type":0,"Position":[-32.361495971679688,42.37042236328125,5.0146070407208754e-07],"Rotation":[1,0,0,0],"Scale":[1,1,1]},{"UUID":3286446744,"Type":1,"MeshUUID":1575405770}],"Children":[]}