{"Name":"City_building_011","UUID":1796139618,"Active":true,"IsRoot":false,"NumChildren":0,"NumCompoments":2,"Components":[{"UUID":1833317232,"Type":0,"Position":[30.134540557861328,37.4932861328125,-1.5106878663573298e-06],"Rotation":[1,0,0,0],"Scale":[1,1,1]},{"UUID":1870355604,"Type":1,"MeshUUID":879325725}],"Children":[]}