{"Name":"City_building_036","UUID":3645064515,"Active":true,"IsRoot":false,"NumChildren":0,"NumCompoments":3,"Components":[{"UUID":3676602828,"Type":0,"Position":[-31.216331481933594,33.201576232910156,5.0146070407208754e-07],"Rotation":[0.70710676908493042,0,0,-0.70710676908493042],"Scale":[1,1,1]},{"UUID":3720394437,"Type":1,"MeshUUID":4064330529},{"UUID":753161990,"Type":4}],"Children":[]}