{"Name":"City_building_004","UUID":1063169730,"Active":true,"IsRoot":false,"NumChildren":0,"NumCompoments":2,"Components":[{"UUID":1098885303,"Type":0,"Position":[-41.47589111328125,21.01409912109375,0],"Rotation":[1,0,0,0],"Scale":[1,1,1]},{"UUID":1141841460,"Type":1,"MeshUUID":2608532669}],"Children":[]}