{"Name":"City_building_022","UUID":2166175233,"Active":true,"IsRoot":false,"NumChildren":0,"NumCompoments":2,"Components":[{"UUID":2203909815,"Type":0,"Position":[-20.831323623657227,-27.426488876342773,0],"Rotation":[1.9470718370939721e-07,0,0,1],"Scale":[1,1,1]},{"UUID":2264828190,"Type":1,"MeshUUID":3590968063}],"Children":[]}