{"Name":"Line002","UUID":1553649675,"Active":true,"IsRoot":false,"NumChildren":0,"NumCompoments":2,"Components":[{"UUID":1589643732,"Type":0,"Position":[-2.1597719192504883,1.8538382053375244,0],"Rotation":[0.70710676908493042,0,0,-0.70710676908493042],"Scale":[1,1,1]},{"UUID":1630859364,"Type":1,"MeshUUID":3193553756}],"Children":[]}