{"Name":"City_building_031","UUID":1067658814,"Active":true,"IsRoot":false,"NumChildren":0,"NumCompoments":2,"Components":[{"UUID":1114444126,"Type":0,"Position":[-34.979000091552734,-41.835563659667969,-9.3834518111179932e-07],"Rotation":[0.70710676908493042,0,0,-0.70710676908493042],"Scale":[1,1,1]},{"UUID":1165476319,"Type":1,"MeshUUID":248827658}],"Children":[]}