{"Name":"City_building_034","UUID":1398428185,"Active":true,"IsRoot":false,"NumChildren":0,"NumCompoments":2,"Components":[{"UUID":1427738626,"Type":0,"Position":[16.350000381469727,-16.696884155273438,0],"Rotation":[0.70710670948028564,0,0,-0.7071068286895752],"Scale":[1,1,1]},{"UUID":1455656647,"Type":1,"MeshUUID":2586740293}],"Children":[]}