{"Name":"City_building_028","UUID":683072410,"Active":true,"IsRoot":false,"NumChildren":0,"NumCompoments":2,"Components":[{"UUID":762509971,"Type":0,"Position":[13.588000297546387,-33.755039215087891,-9.3834518111179932e-07],"Rotation":[1,0,0,0],"Scale":[1,1,1]},{"UUID":831434761,"Type":1,"MeshUUID":2415511152}],"Children":[]}