{"Name":"City_building_022","UUID":4284544925,"Active":true,"IsRoot":false,"NumChildren":0,"NumCompoments":2,"Components":[{"UUID":68458221,"Type":0,"Position":[-20.731000900268555,-27.426488876342773,0],"Rotation":[1.9470718370939721e-07,0,0,1],"Scale":[1,1,1]},{"UUID":145528668,"Type":1,"MeshUUID":1886774000}],"Children":[]}