{"Name":"City_building_038","UUID":1745906596,"Active":true,"IsRoot":false,"NumChildren":0,"NumCompoments":2,"Components":[{"UUID":1769508115,"Type":0,"Position":[-40.3489990234375,-16.495393753051758,0],"Rotation":[0.70710670948028564,0,0,-0.7071068286895752],"Scale":[1,1,1]},{"UUID":1792970392,"Type":1,"MeshUUID":2745141531}],"Children":[]}