{"Name":"City_building_032","UUID":1222635160,"Active":true,"IsRoot":false,"NumChildren":0,"NumCompoments":2,"Components":[{"UUID":1251806359,"Type":0,"Position":[-29.478403091430664,20.714000701904297,0],"Rotation":[1,0,0,0],"Scale":[1,1,1]},{"UUID":1280350969,"Type":1,"MeshUUID":3899913956}],"Children":[]}