{"Name":"City_building_036","UUID":1579025059,"Active":true,"IsRoot":false,"NumChildren":0,"NumCompoments":3,"Components":[{"UUID":1615227979,"Type":0,"Position":[-30.516000747680664,33.201576232910156,5.0146070407208754e-07],"Rotation":[0.70710676908493042,0,0,-0.70710676908493042],"Scale":[1,1,1]},{"UUID":1643494105,"Type":1,"MeshUUID":132548060},{"UUID":2737040252,"Type":4}],"Children":[]}