{"Name":"City_building_033","UUID":361086829,"Active":true,"IsRoot":false,"NumChildren":0,"NumCompoments":2,"Components":[{"UUID":388865608,"Type":0,"Position":[-32.361495971679688,42.37042236328125,5.0146070407208754e-07],"Rotation":[0,0,1,0],"Scale":[1,1,1]},{"UUID":424441939,"Type":1,"MeshUUID":2891996293}],"Children":[]}