{"Name":"City_building_037","UUID":1670507053,"Active":true,"IsRoot":false,"NumChildren":0,"NumCompoments":2,"Components":[{"UUID":1693412362,"Type":0,"Position":[-20.317693710327148,-16.163608551025391,0],"Rotation":[0,1,1.9470718370939721e-07,0],"Scale":[1,1,1]},{"UUID":1715551840,"Type":1,"MeshUUID":265080453}],"Children":[]}