{"Name":"City_building_007","UUID":2701862277,"Active":true,"IsRoot":false,"NumChildren":0,"NumCompoments":2,"Components":[{"UUID":2745236160,"Type":0,"Position":[16.010492324829102,37.4932861328125,-1.5106878663573298e-06],"Rotation":[0,1,0,0],"Scale":[1,1,1]},{"UUID":2829895296,"Type":1,"MeshUUID":3077573842}],"Children":[]}