{"Name":"City_building_001","UUID":733159950,"Active":true,"IsRoot":false,"NumChildren":0,"NumCompoments":2,"Components":[{"UUID":775976865,"Type":0,"Position":[16.806999206542969,20.053276062011719,2.1210729528320371e-07],"Rotation":[1,0,0,0],"Scale":[1,1,1]},{"UUID":849427020,"Type":1,"MeshUUID":3434595363}],"Children":[]}