{"Name":"City_building_037","UUID":1102271996,"Active":true,"IsRoot":false,"NumChildren":0,"NumCompoments":2,"Components":[{"UUID":1129006460,"Type":0,"Position":[-20.317693710327148,-16.163608551025391,0],"Rotation":[1,1.9470718370939721e-07,0,0],"Scale":[1,1,1]},{"UUID":1161937193,"Type":1,"MeshUUID":1013287071}],"Children":[]}