{"Name":"City_building_014","UUID":3510231708,"Active":true,"IsRoot":false,"NumChildren":0,"NumCompoments":2,"Components":[{"UUID":3539472528,"Type":0,"Position":[-19.439706802368164,32.061729431152344,0],"Rotation":[1,-4.3711388286737929e-08,0,0],"Scale":[1,1,1]},{"UUID":3576232416,"Type":1,"MeshUUID":3728217365}],"Children":[]}