{"Name":"City_building_035","UUID":675286403,"Active":true,"IsRoot":false,"NumChildren":0,"NumCompoments":2,"Components":[{"UUID":750477083,"Type":0,"Position":[13.38798999786377,-40.802516937255859,-9.3834518111179932e-07],"Rotation":[0,0,1,0],"Scale":[1,1,1]},{"UUID":828522224,"Type":1,"MeshUUID":3211970233}],"Children":[]}