{"Name":"City_building_036","UUID":872801180,"Active":true,"IsRoot":false,"NumChildren":0,"NumCompoments":2,"Components":[{"UUID":943118390,"Type":0,"Position":[-31.216331481933594,33.201576232910156,5.0146070407208754e-07],"Rotation":[0,-0.70710676908493042,0.70710676908493042,0],"Scale":[1,1,1]},{"UUID":1019492627,"Type":1,"MeshUUID":1881626174}],"Children":[]}