{"Name":"City_building_040","UUID":3909966180,"Active":true,"IsRoot":false,"NumChildren":0,"NumCompoments":2,"Components":[{"UUID":3938162685,"Type":0,"Position":[-34.679481506347656,-30.643888473510742,-9.3834518111179932e-07],"Rotation":[0.70710676908493042,0,0,-0.70710676908493042],"Scale":[1,1,1]},{"UUID":3971859249,"Type":1,"MeshUUID":4086067856}],"Children":[]}