{"Name":"City_building_034","UUID":466284160,"Active":true,"IsRoot":false,"NumChildren":0,"NumCompoments":2,"Components":[{"UUID":547879973,"Type":0,"Position":[16.049516677856445,-16.696884155273438,0],"Rotation":[0,-0.7071068286895752,0.70710670948028564,0],"Scale":[1,1,1]},{"UUID":592089308,"Type":1,"MeshUUID":1534639286}],"Children":[]}