{"Name":"City_building_039","UUID":1817198500,"Active":true,"IsRoot":false,"NumChildren":0,"NumCompoments":2,"Components":[{"UUID":1840173430,"Type":0,"Position":[-42.807239532470703,-30.643888473510742,-9.3834518111179932e-07],"Rotation":[0,-0.70710676908493042,0.70710676908493042,0],"Scale":[1,1,1]},{"UUID":1864540780,"Type":1,"MeshUUID":1165693534}],"Children":[]}