{"Name":"City_building_040","UUID":1640442326,"Active":true,"IsRoot":false,"NumChildren":0,"NumCompoments":2,"Components":[{"UUID":1711734230,"Type":0,"Position":[-34.679481506347656,-30.643888473510742,-9.3834518111179932e-07],"Rotation":[0,-0.70710676908493042,0.70710676908493042,0],"Scale":[1,1,1]},{"UUID":1760608172,"Type":1,"MeshUUID":3253451821}],"Children":[]}