{"Name":"City_building_022","UUID":1916995434,"Active":true,"IsRoot":false,"NumChildren":0,"NumCompoments":2,"Components":[{"UUID":1959742728,"Type":0,"Position":[-20.831323623657227,-27.426488876342773,0],"Rotation":[1.9470718370939721e-07,0,0,1],"Scale":[1,1,1]},{"UUID":2002281159,"Type":1,"MeshUUID":400795778}],"Children":[]}