{"Name":"City_building_004","UUID":555278295,"Active":true,"IsRoot":false,"NumChildren":0,"NumCompoments":2,"Components":[{"UUID":597468621,"Type":0,"Position":[-41.2760009765625,21.01409912109375,0],"Rotation":[1,0,0,0],"Scale":[1,1,1]},{"UUID":657133818,"Type":1,"MeshUUID":1926769736}],"Children":[]}