{"Name":"City_building_023","UUID":2052199416,"Active":true,"IsRoot":false,"NumChildren":0,"NumCompoments":2,"Components":[{"UUID":2086452948,"Type":0,"Position":[42.130641937255859,37.4932861328125,-1.5106878663573298e-06],"Rotation":[1,0,0,0],"Scale":[1,1,1]},{"UUID":2127738201,"Type":1,"MeshUUID":2862685774}],"Children":[]}