{"Name":"City_building_007","UUID":3314167427,"Active":true,"IsRoot":false,"NumChildren":0,"NumCompoments":2,"Components":[{"UUID":3346750055,"Type":0,"Position":[16.010492324829102,37.4932861328125,-1.5106878663573298e-06],"Rotation":[1,0,0,0],"Scale":[1,1,1]},{"UUID":3382326386,"Type":1,"MeshUUID":3016787340}],"Children":[]}