{"Name":"City_building_013","UUID":1643315283,"Active":true,"IsRoot":false,"NumChildren":0,"NumCompoments":2,"Components":[{"UUID":1677011847,"Type":0,"Position":[-42.288055419921875,33.201576232910156,5.0146070407208754e-07],"Rotation":[0.70710676908493042,0,0,0.70710676908493042],"Scale":[1,1,1]},{"UUID":1717392027,"Type":1,"MeshUUID":2878519908}],"Children":[]}