{"Name":"City_building_023","UUID":3739911387,"Active":true,"IsRoot":false,"NumChildren":0,"NumCompoments":2,"Components":[{"UUID":3768247134,"Type":0,"Position":[42.130641937255859,37.4932861328125,-1.5106878663573298e-06],"Rotation":[0,1,0,0],"Scale":[1,1,1]},{"UUID":3801734835,"Type":1,"MeshUUID":1718159307}],"Children":[]}