{"Name":"City_building_038","UUID":1200019880,"Active":true,"IsRoot":false,"NumChildren":0,"NumCompoments":2,"Components":[{"UUID":1230444257,"Type":0,"Position":[-41.649002075195312,-16.495393753051758,0],"Rotation":[-0.7071068286895752,0.70710670948028564,0,0],"Scale":[1,1,1]},{"UUID":1307653946,"Type":1,"MeshUUID":1106205115}],"Children":[]}