{"Name":"City_building_014","UUID":1767379905,"Active":true,"IsRoot":false,"NumChildren":0,"NumCompoments":2,"Components":[{"UUID":1808386674,"Type":0,"Position":[-19.439706802368164,32.061729431152344,0],"Rotation":[-4.3711388286737929e-08,0,0,1],"Scale":[1,1,1]},{"UUID":1850925105,"Type":1,"MeshUUID":1590644659}],"Children":[]}