{"Name":"City_building_022","UUID":3632555805,"Active":true,"IsRoot":false,"NumChildren":0,"NumCompoments":2,"Components":[{"UUID":3663119424,"Type":0,"Position":[-20.831323623657227,-27.426488876342773,0],"Rotation":[1,1.9470718370939721e-07,0,0],"Scale":[1,1,1]},{"UUID":3700018554,"Type":1,"MeshUUID":1819971200}],"Children":[]}