{"Name":"City_building_014","UUID":4136530679,"Active":true,"IsRoot":false,"NumChildren":0,"NumCompoments":2,"Components":[{"UUID":4170644969,"Type":0,"Position":[-19.439706802368164,32.061729431152344,0],"Rotation":[0,1,-4.3711388286737929e-08,0],"Scale":[1,1,1]},{"UUID":4203506081,"Type":1,"MeshUUID":2420444956}],"Children":[]}