{"Name":"City_building_041","UUID":1844431856,"Active":true,"IsRoot":false,"NumChildren":0,"NumCompoments":2,"Components":[{"UUID":1879451219,"Type":0,"Position":[30.695278167724609,21.612646102905273,2.1210729528320371e-07],"Rotation":[-1.0536653327619661e-08,0.7071107029914856,0.70710283517837524,-1.0536770567171061e-08],"Scale":[1,1,1]},{"UUID":1927280846,"Type":1,"MeshUUID":2636374907}],"Children":[]}