{"Name":"City_building_024","UUID":362885431,"Active":true,"IsRoot":false,"NumChildren":0,"NumCompoments":2,"Components":[{"UUID":398879488,"Type":0,"Position":[-20.572771072387695,43.060829162597656,-0.069194458425045013],"Rotation":[0,1,4.3711388286737929e-08,0],"Scale":[1,1,1]},{"UUID":432506431,"Type":1,"MeshUUID":701911840}],"Children":[]}