{"Name":"City_building_013","UUID":3392920323,"Active":true,"IsRoot":false,"NumChildren":0,"NumCompoments":2,"Components":[{"UUID":3423762426,"Type":0,"Position":[-42.288055419921875,33.201576232910156,5.0146070407208754e-07],"Rotation":[0.70710676908493042,0.70710676908493042,0,0],"Scale":[1,1,1]},{"UUID":3464978058,"Type":1,"MeshUUID":2935469029}],"Children":[]}