{"Name":"City_building_014","UUID":2033547228,"Active":true,"IsRoot":false,"NumChildren":0,"NumCompoments":2,"Components":[{"UUID":2074484376,"Type":0,"Position":[-19.440000534057617,32.061729431152344,0],"Rotation":[-4.3711388286737929e-08,0,0,1],"Scale":[1,1,1]},{"UUID":2116117734,"Type":1,"MeshUUID":3659522933}],"Children":[]}