{"Name":"City_building_034","UUID":3114615876,"Active":true,"IsRoot":false,"NumChildren":0,"NumCompoments":2,"Components":[{"UUID":3145457979,"Type":0,"Position":[16.049516677856445,-16.696884155273438,0],"Rotation":[0.70710670948028564,0,0,-0.7071068286895752],"Scale":[1,1,1]},{"UUID":3186882474,"Type":1,"MeshUUID":2550523784}],"Children":[]}