{"Name":"City_building_033","UUID":1304787940,"Active":true,"IsRoot":false,"NumChildren":0,"NumCompoments":2,"Components":[{"UUID":1338693367,"Type":0,"Position":[-32.361495971679688,42.37042236328125,5.0146070407208754e-07],"Rotation":[0,0,1,0],"Scale":[1,1,1]},{"UUID":1368839260,"Type":1,"MeshUUID":2019912102}],"Children":[]}