{"Name":"City_building_031","UUID":115742425,"Active":true,"IsRoot":false,"NumChildren":0,"NumCompoments":2,"Components":[{"UUID":166217650,"Type":0,"Position":[-34.679481506347656,-41.835563659667969,-9.3834518111179932e-07],"Rotation":[-0.70710676908493042,0.70710676908493042,0,0],"Scale":[1,1,1]},{"UUID":212237131,"Type":1,"MeshUUID":433334853}],"Children":[]}