{"Name":"City_building_033","UUID":3003570381,"Active":true,"IsRoot":false,"NumChildren":0,"NumCompoments":2,"Components":[{"UUID":3032184612,"Type":0,"Position":[-32.361495971679688,42.37042236328125,5.0146070407208754e-07],"Rotation":[1,0,0,0],"Scale":[1,1,1]},{"UUID":3069710331,"Type":1,"MeshUUID":362849092}],"Children":[]}