{"Name":"City_building_008","UUID":1439958582,"Active":true,"IsRoot":false,"NumChildren":0,"NumCompoments":2,"Components":[{"UUID":1480060278,"Type":0,"Position":[40.979995727539062,18.270824432373047,-2.0522466002148576e-06],"Rotation":[0.70710676908493042,0,0,0.70710676908493042],"Scale":[1,1,1]},{"UUID":1518699933,"Type":1,"MeshUUID":795736895}],"Children":[]}