{"Name":"City_building_008","UUID":1083562443,"Active":true,"IsRoot":false,"NumChildren":0,"NumCompoments":2,"Components":[{"UUID":1121645130,"Type":0,"Position":[45.880001068115234,18.270824432373047,-2.0522466002148576e-06],"Rotation":[-1,-4.3711388286737929e-08,-3.4219155287118497e-14,-1.4957668111848975e-21],"Scale":[1,1,1]},{"UUID":1167038022,"Type":1,"MeshUUID":1254801307}],"Children":[]}