{"Name":"City_building_041","UUID":4249374795,"Active":true,"IsRoot":false,"NumChildren":0,"NumCompoments":2,"Components":[{"UUID":19363891,"Type":0,"Position":[30.695278167724609,21.612646102905273,2.1210729528320371e-07],"Rotation":[0.70710676908493042,0,0,0.70710676908493042],"Scale":[1,1,1]},{"UUID":62041564,"Type":1,"MeshUUID":1904169595}],"Children":[]}