{"Name":"City_building_013","UUID":3912281438,"Active":true,"IsRoot":false,"NumChildren":0,"NumCompoments":2,"Components":[{"UUID":3998193752,"Type":0,"Position":[-42.288055419921875,33.201576232910156,5.0146070407208754e-07],"Rotation":[0,0.70710676908493042,0.70710676908493042,0],"Scale":[1,1,1]},{"UUID":4101232832,"Type":1,"MeshUUID":2461199232}],"Children":[]}