{"Name":"City_building_024","UUID":2173339956,"Active":true,"IsRoot":false,"NumChildren":0,"NumCompoments":2,"Components":[{"UUID":2214764451,"Type":0,"Position":[-20.572771072387695,43.060829162597656,-0.069194458425045013],"Rotation":[4.3711388286737929e-08,0,0,1],"Scale":[1,1,1]},{"UUID":2258486439,"Type":1,"MeshUUID":1894788641}],"Children":[]}