{"Name":"City_building_013","UUID":1909412985,"Active":true,"IsRoot":false,"NumChildren":0,"NumCompoments":3,"Components":[{"UUID":1947008325,"Type":0,"Position":[-42.38800048828125,33.201576232910156,5.0146070407208754e-07],"Rotation":[0.70710676908493042,0,0,0.70710676908493042],"Scale":[1,1,1]},{"UUID":1984673286,"Type":1,"MeshUUID":212169496},{"UUID":2569643472,"Type":4}],"Children":[]}