{"Name":"City_building_030","UUID":2677187133,"Active":true,"IsRoot":false,"NumChildren":0,"NumCompoments":2,"Components":[{"UUID":2710535592,"Type":0,"Position":[-42.807239532470703,-41.835563659667969,-9.3834518111179932e-07],"Rotation":[0.70710676908493042,0,0,-0.70710676908493042],"Scale":[1,1,1]},{"UUID":2751890466,"Type":1,"MeshUUID":2877176229}],"Children":[]}