{"Name":"City_building_026","UUID":3946964241,"Active":true,"IsRoot":false,"NumChildren":0,"NumCompoments":2,"Components":[{"UUID":3986717832,"Type":0,"Position":[31.51188850402832,-16.446016311645508,0],"Rotation":[0,1,4.3711388286737929e-08,0],"Scale":[1,1,1]},{"UUID":4024939761,"Type":1,"MeshUUID":1957255460}],"Children":[]}