{"Name":"City_building_004","UUID":2231572422,"Active":true,"IsRoot":false,"NumChildren":0,"NumCompoments":2,"Components":[{"UUID":2306693481,"Type":0,"Position":[-41.47589111328125,21.01409912109375,0],"Rotation":[1,0,0,0],"Scale":[1,1,1]},{"UUID":2374922061,"Type":1,"MeshUUID":1879866140}],"Children":[]}