{"Name":"City_building_039","UUID":1432902125,"Active":true,"IsRoot":false,"NumChildren":0,"NumCompoments":2,"Components":[{"UUID":1462839155,"Type":0,"Position":[-42.807239532470703,-30.643888473510742,-9.3834518111179932e-07],"Rotation":[0,-0.70710676908493042,0.70710676908493042,0],"Scale":[1,1,1]},{"UUID":1530023420,"Type":1,"MeshUUID":565154333}],"Children":[]}