{"Name":"City_building_008","UUID":3416162192,"Active":true,"IsRoot":false,"NumChildren":0,"NumCompoments":2,"Components":[{"UUID":3448814441,"Type":0,"Position":[40.979995727539062,18.270824432373047,-2.0522466002148576e-06],"Rotation":[0,0.70710676908493042,0.70710676908493042,0],"Scale":[1,1,1]},{"UUID":3479169197,"Type":1,"MeshUUID":1932275032}],"Children":[]}