{"Name":"City_building_007","UUID":907003587,"Active":true,"IsRoot":false,"NumChildren":0,"NumCompoments":2,"Components":[{"UUID":993612111,"Type":0,"Position":[15.409999847412109,37.4932861328125,-1.5106878663573298e-06],"Rotation":[1,0,0,0],"Scale":[1,1,1]},{"UUID":1036150542,"Type":1,"MeshUUID":3969954862}],"Children":[]}