{"Name":"City_building_036","UUID":3372561681,"Active":true,"IsRoot":false,"NumChildren":0,"NumCompoments":2,"Components":[{"UUID":3426448335,"Type":0,"Position":[-31.216331481933594,33.201576232910156,5.0146070407208754e-07],"Rotation":[0.70710676908493042,0,0,-0.70710676908493042],"Scale":[1,1,1]},{"UUID":3477132423,"Type":1,"MeshUUID":2873443621}],"Children":[]}