{"Name":"City_building_035","UUID":3231091809,"Active":true,"IsRoot":false,"NumChildren":0,"NumCompoments":2,"Components":[{"UUID":3271332747,"Type":0,"Position":[13.38798999786377,-40.802516937255859,-9.3834518111179932e-07],"Rotation":[1,0,0,0],"Scale":[1,1,1]},{"UUID":3315959808,"Type":1,"MeshUUID":1911864360}],"Children":[]}