{"Name":"City_building_004","UUID":3101962619,"Active":true,"IsRoot":false,"NumChildren":0,"NumCompoments":2,"Components":[{"UUID":3141228863,"Type":0,"Position":[-41.47589111328125,21.01409912109375,0],"Rotation":[0,0,1,0],"Scale":[1,1,1]},{"UUID":3180355865,"Type":1,"MeshUUID":2388279119}],"Children":[]}