{"Name":"City_building_011","UUID":3283963458,"Active":true,"IsRoot":false,"NumChildren":0,"NumCompoments":2,"Components":[{"UUID":3315362529,"Type":0,"Position":[30.134540557861328,37.4932861328125,-1.5106878663573298e-06],"Rotation":[0,1,0,0],"Scale":[1,1,1]},{"UUID":3353514837,"Type":1,"MeshUUID":155132578}],"Children":[]}