{"Name":"City_building_026","UUID":477690460,"Active":true,"IsRoot":false,"NumChildren":0,"NumCompoments":2,"Components":[{"UUID":525171982,"Type":0,"Position":[31.41200065612793,-16.446016311645508,0],"Rotation":[4.3711388286737929e-08,0,0,1],"Scale":[1,1,1]},{"UUID":604122196,"Type":1,"MeshUUID":1734365279}],"Children":[]}