{"Name":"City_building_023","UUID":223573809,"Active":true,"IsRoot":false,"NumChildren":0,"NumCompoments":2,"Components":[{"UUID":270707226,"Type":0,"Position":[42.030998229980469,37.4932861328125,-1.5106878663573298e-06],"Rotation":[1,0,0,0],"Scale":[1,1,1]},{"UUID":318049506,"Type":1,"MeshUUID":939902409}],"Children":[]}