{"Name":"City_building_040","UUID":1890230929,"Active":true,"IsRoot":false,"NumChildren":0,"NumCompoments":2,"Components":[{"UUID":1911813439,"Type":0,"Position":[-34.278999328613281,-30.643888473510742,-9.3834518111179932e-07],"Rotation":[0.70710676908493042,0,0,-0.70710676908493042],"Scale":[1,1,1]},{"UUID":1934370643,"Type":1,"MeshUUID":4169583015}],"Children":[]}