{"Name":"City_building_032","UUID":257838886,"Active":true,"IsRoot":false,"NumChildren":0,"NumCompoments":2,"Components":[{"UUID":286244254,"Type":0,"Position":[-29.478403091430664,21.01409912109375,0],"Rotation":[0,1,0,0],"Scale":[1,1,1]},{"UUID":320358544,"Type":1,"MeshUUID":4208903499}],"Children":[]}