{"Name":"City_building_028","UUID":4074440292,"Active":true,"IsRoot":false,"NumChildren":0,"NumCompoments":2,"Components":[{"UUID":4109250792,"Type":0,"Position":[13.38798999786377,-33.755039215087891,-9.3834518111179932e-07],"Rotation":[0,1,0,0],"Scale":[1,1,1]},{"UUID":4155548757,"Type":1,"MeshUUID":964782114}],"Children":[]}