{"Name":"City_building_041","UUID":1958459509,"Active":true,"IsRoot":false,"NumChildren":0,"NumCompoments":2,"Components":[{"UUID":1992364936,"Type":0,"Position":[30.695278167724609,21.612646102905273,2.1210729528320371e-07],"Rotation":[0,0.70710676908493042,0.70710676908493042,0],"Scale":[1,1,1]},{"UUID":2016314560,"Type":1,"MeshUUID":3142229548}],"Children":[]}