{"Name":"City_building_024","UUID":2436304713,"Active":true,"IsRoot":false,"NumChildren":0,"NumCompoments":2,"Components":[{"UUID":2479330491,"Type":0,"Position":[-20.572771072387695,43.060829162597656,-0.069194458425045013],"Rotation":[4.3711388286737929e-08,0,0,1],"Scale":[1,1,1]},{"UUID":2524793004,"Type":1,"MeshUUID":1846587917}],"Children":[]}