{"Name":"City_building_037","UUID":3535614063,"Active":true,"IsRoot":false,"NumChildren":0,"NumCompoments":2,"Components":[{"UUID":3575158791,"Type":0,"Position":[-20.317693710327148,-16.163608551025391,0],"Rotation":[1.9470718370939721e-07,0,0,1],"Scale":[1,1,1]},{"UUID":3616583286,"Type":1,"MeshUUID":1996819619}],"Children":[]}