{"Name":"City_building_039","UUID":3801705525,"Active":true,"IsRoot":false,"NumChildren":0,"NumCompoments":2,"Components":[{"UUID":3831572934,"Type":0,"Position":[-42.807239532470703,-30.643888473510742,-9.3834518111179932e-07],"Rotation":[0.70710676908493042,0,0,-0.70710676908493042],"Scale":[1,1,1]},{"UUID":3868889790,"Type":1,"MeshUUID":4173398581}],"Children":[]}