{"Name":"City_building_001","UUID":2463549594,"Active":true,"IsRoot":false,"NumChildren":0,"NumCompoments":2,"Components":[{"UUID":2523354033,"Type":0,"Position":[17.707164764404297,20.053276062011719,2.1210729528320371e-07],"Rotation":[1,0,0,0],"Scale":[1,1,1]},{"UUID":2593740864,"Type":1,"MeshUUID":2730260664}],"Children":[]}