{"Name":"City_building_032","UUID":3106337217,"Active":true,"IsRoot":false,"NumChildren":0,"NumCompoments":2,"Components":[{"UUID":3142957863,"Type":0,"Position":[-29.478403091430664,21.01409912109375,0],"Rotation":[1,0,0,0],"Scale":[1,1,1]},{"UUID":3178325331,"Type":1,"MeshUUID":2143909041}],"Children":[]}