{"Name":"City_building_038","UUID":3668729415,"Active":true,"IsRoot":false,"NumChildren":0,"NumCompoments":2,"Components":[{"UUID":3706812102,"Type":0,"Position":[-41.649002075195312,-16.495393753051758,0],"Rotation":[0.70710670948028564,0,0,-0.7071068286895752],"Scale":[1,1,1]},{"UUID":3750185985,"Type":1,"MeshUUID":3071811489}],"Children":[]}