{"Name":"City_building_035","UUID":1481346796,"Active":true,"IsRoot":false,"NumChildren":0,"NumCompoments":2,"Components":[{"UUID":1509195196,"Type":0,"Position":[13.38798999786377,-40.802516937255859,-9.3834518111179932e-07],"Rotation":[0,0,1,0],"Scale":[1,1,1]},{"UUID":1545955084,"Type":1,"MeshUUID":1176332084}],"Children":[]}