{"Name":"Line002","UUID":3070435851,"Active":true,"IsRoot":false,"NumChildren":0,"NumCompoments":2,"Components":[{"UUID":3099885534,"Type":0,"Position":[-2.1597719192504883,1.8538382053375244,0],"Rotation":[-0.70710676908493042,0.70710676908493042,0,0],"Scale":[1,1,1]},{"UUID":3136506180,"Type":1,"MeshUUID":3786102583}],"Children":[]}