{"Name":"Line002","UUID":1240140072,"Active":true,"IsRoot":false,"NumChildren":0,"NumCompoments":2,"Components":[{"UUID":1278501243,"Type":0,"Position":[-2.1597719192504883,1.8538382053375244,0],"Rotation":[-0.0017363657243549824,3.4855875128414482e-05,0.020069966092705727,0.99979710578918457],"Scale":[1,1,1]},{"UUID":1324590345,"Type":1,"MeshUUID":154136926}],"Children":[]}