{"Name":"Object010","UUID":4197321357,"Active":true,"IsRoot":false,"NumChildren":0,"NumCompoments":2,"Components":[{"UUID":4225100136,"Type":0,"Position":[-2.5033531188964844,15.800846099853516,0],"Rotation":[0,0,1,0],"Scale":[1,1,1]},{"UUID":4258935942,"Type":1,"MeshUUID":3432032927}],"Children":[]}