{"Name":"Object010","UUID":2809960620,"Active":true,"IsRoot":false,"NumChildren":0,"NumCompoments":2,"Components":[{"UUID":2841290070,"Type":0,"Position":[-2.5033531188964844,15.800846099853516,0],"Rotation":[1,0,0,0],"Scale":[1,1,1]},{"UUID":2871992931,"Type":1,"MeshUUID":3409274892}],"Children":[]}