{"Name":"Object010","UUID":2555350383,"Active":true,"IsRoot":false,"NumChildren":0,"NumCompoments":2,"Components":[{"UUID":2588838084,"Type":0,"Position":[-2.5033531188964844,15.800846099853516,0],"Rotation":[-0.99999845027923584,0.0017452986212447286,0,0],"Scale":[1,1,1]},{"UUID":2629009401,"Type":1,"MeshUUID":2914379834}],"Children":[]}