{"Name":"Object010","UUID":895625323,"Active":true,"IsRoot":false,"NumChildren":0,"NumCompoments":2,"Components":[{"UUID":920062294,"Type":0,"Position":[-2.5033531188964844,15.800846099853516,0],"Rotation":[1,0,0,0],"Scale":[1,1,1]},{"UUID":948815767,"Type":1,"MeshUUID":2662291606}],"Children":[]}