{"Name":"Plane001","UUID":3660949628,"Active":true,"IsRoot":false,"NumChildren":0,"NumCompoments":2,"Components":[{"UUID":3711842579,"Type":0,"Position":[-0.02860260009765625,0.026032090187072754,0],"Rotation":[0,0,1,0],"Scale":[0.99663525819778442,0.97061645984649658,0.99663525819778442]},{"UUID":3747418910,"Type":1,"MeshUUID":3159132118}],"Children":[]}