{"Name":"Plane001","UUID":1367337639,"Active":true,"IsRoot":false,"NumChildren":0,"NumCompoments":2,"Components":[{"UUID":1401869655,"Type":0,"Position":[-0.02860260009765625,0.026032090187072754,0],"Rotation":[1,-4.3711388286737929e-08,0,0],"Scale":[0.99663525819778442,0.97061645984649658,0.99663525819778442]},{"UUID":1441901730,"Type":1,"MeshUUID":2520415475}],"Children":[]}