{"Name":"Street environment_V01","UUID":2013032103,"Active":true,"IsRoot":false,"NumChildren":1,"NumCompoments":1,"Components":[{"UUID":2091286107,"Type":0,"Position":[0,0,0],"Rotation":[-0.49999821186065674,-0.50000178813934326,-0.50000178813934326,0.49999821186065674],"Scale":[1,1,1]}],"Children":[{"Name":"Dummy001","UUID":2120178822}]}