{"Name":"Street environment_V01","UUID":341750688,"Active":true,"IsRoot":false,"NumChildren":1,"NumCompoments":1,"Components":[{"UUID":411302067,"Type":0,"Position":[0,0,0],"Rotation":[0.7071068286895752,0,0,0.7071068286895752],"Scale":[1,1,1]}],"Children":[{"Name":"Dummy001","UUID":440960613}]}